,station_id,station_name,lat,lon,jan_count,feb_count,mar_count,apr_count,may_count,jun_count,jul_count,aug_count,sep_count,oct_count,nov_count,dec_count
0,HB101,Hoboken Terminal - Hudson St & Hudson Pl,40.73593758446329,-74.03030455112457,3464,3258,3596,4223,5023,5345,5449,5916,5181,5347,4227,3473
1,JC009,Hamilton Park,40.727595966,-74.044247311,2551,2168,2686,3325,4305,4483,4656,4672,4139,4243,3362,2622
2,HB401,Southwest Park - Jackson St & Observer Hwy,40.73755127245804,-74.04166370630264,1291,1111,1293,1995,2388,2553,2993,3352,2546,2659,1833,1469
3,HB408,Marshall St & 2 St,40.740802,-74.042521,1303,1120,1315,1772,2169,2358,2646,3065,2390,2900,1969,1526
4,JC082,Manila & 1st,40.72165072487999,-74.04288411140442,1562,1393,1602,2096,2633,2537,2535,2681,2428,2524,2035,1656
5,JC013,Marin Light Rail,40.71458403535893,-74.04281705617905,1726,1604,1911,2778,3235,3767,4281,4472,3385,3336,2547,1864
6,JC103,Journal Square,40.73367,-74.0625,1201,977,1222,1324,1532,1530,1226,1784,1499,1514,1431,1010
7,JC034,Christ Hospital,40.734785818,-74.050443636,558,542,690,918,868,824,1087,1127,829,996,729,632
8,JC102,Grand St,40.71517767732029,-74.03768330812454,1280,1127,1459,1859,2318,2204,2302,2698,1678,2094,1622,1375
9,HB402,Madison St & 1 St,40.73879,-74.0393,1797,1499,1769,2252,2460,2550,3256,3396,2676,2867,2069,1960
10,JC035,Van Vorst Park,40.71848892,-74.047726625,1386,1162,1672,2439,2626,2483,2291,2357,2083,2084,1622,1275
11,HB105,City Hall - Washington St & 1 St,40.73736,-74.03097,3000,2652,3299,4069,4546,4854,5335,5505,4766,4834,3372,2407
12,JC057,Riverview Park,40.7443187,-74.0439909,658,701,907,1166,1275,1321,1399,1472,1275,1371,899,796
13,HB305,9 St HBLR - Jackson St & 8 St,40.74790720968899,-74.03841152787209,1564,1504,1846,2221,2548,2529,2822,2805,2567,2867,2341,1705
14,JC006,Warren St,40.7211236,-74.03805095,1447,1295,1732,2319,2782,2838,3453,3475,2788,2742,2103,1518
15,JC008,Newport Pkwy,40.7287448,-74.0321082,2154,2143,2374,3392,4242,4351,4675,4888,4436,3928,2827,2012
16,JC063,Jackson Square,40.71113,-74.0789,159,126,167,203,253,301,366,394,391,415,267,186
17,JC115,Grove St PATH,40.71941,-74.04309,6115,5981,6739,7639,9528,10204,10681,10996,8542,9704,7493,5415
18,JC098,Washington St,40.724225402,-74.035250783,1601,1284,1785,2446,2279,2959,2686,3303,3139,2592,2120,1469
19,HB601,Church Sq Park - 5 St & Park Ave,40.74265933273143,-74.03223305940628,1674,1418,1764,1926,2546,2311,2802,1699,1508,2459,2081,1571
20,JC084,Communipaw & Berry Lane,40.714340687,-74.066795945,473,420,469,711,758,886,1035,1086,729,762,591,506
21,HB501,Columbus Park - Clinton St & 9 St,40.74816121065146,-74.0324530005455,906,1334,1787,2481,2867,3168,3341,3681,3360,3923,2968,2257
22,JC072,Morris Canal,40.7124188237569,-74.03852552175522,1087,909,1279,1665,2040,2262,2235,2767,2263,1809,1422,1152
23,JC110,JC Medical Center,40.71539114317,-74.04969155788422,1028,928,1313,1808,2613,2529,2847,2926,2181,2148,1468,1059
24,HB507,Adams St & 11 St,40.750915534784994,-74.03354063630104,857,699,825,992,1333,1199,1377,1320,547,0,0,0
25,JC059,Heights Elevator,40.748753786,-74.040587902,446,417,535,717,905,841,982,850,806,717,569,413
26,JC024,Pershing Field,40.742632031,-74.051758766,726,666,872,1206,1341,1199,1246,1380,1240,1348,1147,752
27,JC018,5 Corners Library,40.73496102000952,-74.0595030784607,420,369,425,489,644,613,714,684,632,722,445,313
28,JC053,Lincoln Park,40.7246050998869,-74.07840594649315,364,380,411,747,989,1002,1129,1126,793,546,192,371
29,HB505,Willow Ave & 12 St,40.7518674823282,-74.03037697076797,1219,1157,1319,1763,1935,2001,2271,2608,2285,2387,1690,1459
30,HB302,6 St & Grand St,40.744289279,-74.034373283,1179,1061,1171,1426,1598,1630,2032,2126,1862,2066,1568,1176
31,HB304,7 St & Monroe St,40.74641264837719,-74.03797701001167,1540,1432,1666,2018,2409,2337,2510,2805,2253,2468,2135,1525
32,JC002,Paulus Hook,40.714174628,-74.033504367,1108,962,1255,1685,2175,2176,2485,2562,1699,1850,1257,737
33,JC022,Oakland Ave,40.7376037,-74.0524783,684,636,750,1048,1191,1018,1280,1328,1068,1090,992,669
34,HB301,4 St & Grand St,40.7422579775645,-74.03511106967926,1301,1200,1402,1709,1802,1855,2354,2808,2170,2446,1779,1443
35,HB607,Hudson St & 4 St,40.740935683,-74.028585076,1726,1576,2015,2968,3390,3335,3752,4227,1654,0,0,0
36,JC109,Bergen Ave & Sip Ave,40.73100888698729,-74.06443700194359,2828,2694,3284,3605,3546,2871,4085,4168,3764,3720,3231,2865
37,JC038,Essex Light Rail,40.7127742,-74.0364857,598,646,657,912,1212,1198,1224,606,1219,1149,874,595
38,6089.07,Lexington Ave & E 24 St,40.74025878,-73.98409214,1,0,0,0,0,0,0,0,0,0,0,0
39,JC075,Monmouth and 6th,40.72568548362901,-74.04879033565521,893,804,996,1007,1250,1313,1390,1508,1336,1224,1052,735
40,JC078,Lafayette Park,40.71346382669195,-74.06285852193832,1027,884,1019,1264,1578,1587,1844,1829,1371,1418,1254,1036
41,JC106,Columbus Dr at Exchange Pl,40.71687,-74.03281,1296,0,0,0,0,0,0,0,0,0,0,0
42,HB201,12 St & Sinatra Dr N,40.75060414236896,-74.02402013540268,1275,1319,1865,2431,3731,4340,6689,5237,3587,3322,2281,1767
43,JC104,Harborside,40.7192517,-74.034234,1766,1574,1801,2438,3280,3222,3821,4047,3062,2827,2050,1523
44,5561.06,Lafayette St & Jersey St,40.72456089,-73.99565293,1,5,0,4,10,6,12,8,8,9,8,3
45,JC093,Fairmount Ave,40.72572613742557,-74.07195925712585,792,615,817,825,946,961,1099,1220,983,1131,918,803
46,JC107,Grant Ave & MLK Dr,40.709120631,-74.08077836,129,79,72,115,164,91,194,133,74,109,72,78
47,4889.06,Bus Slip & State St,40.701907,-74.013942,2,0,0,0,1,0,0,0,2,0,0,0
48,JC105,Hoboken Ave at Monmouth St,40.735278487,-74.046784163,2049,1858,2279,2950,3343,3712,3702,3536,3720,3545,2579,1988
49,HB502,11 St & Washington St,40.74998490907138,-74.02715027332306,2152,1845,2250,3070,3926,3569,4062,4068,3503,3731,2871,2288
50,JC003,City Hall,40.717744231,-74.043815732,1972,2371,2286,2869,3176,3513,3475,3452,2886,2947,2346,1672
51,JC094,Glenwood Ave,40.72755146730012,-74.07106071710587,520,440,498,678,625,492,746,756,846,774,566,434
52,JC080,Leonard Gordon Park,40.74571085,-74.057160735,593,539,751,806,1024,881,1060,1013,884,837,611,577
53,HB603,8 St & Washington St,40.74598388291562,-74.02819901704788,2094,2042,2245,2652,3385,2921,3337,3768,3416,3861,3033,2391
54,JC099,Montgomery St,40.719497442,-74.050970912,875,670,820,1166,1408,1313,1363,1470,1355,1331,1066,804
55,5721.14,LaGuardia Pl & W 3 St,40.72917025,-73.99810231,1,0,0,0,0,0,0,0,0,0,0,0
56,HB404,Mama Johnson Field - 4 St & Jackson St,40.743191481,-74.040118098,734,586,791,1048,1304,1239,1639,1744,1572,1831,1166,873
57,JC076,Dixon Mills,40.721620679,-74.050144315,826,782,946,1186,1302,1456,1477,1544,1374,1224,1032,846
58,JC074,Jersey & 3rd,40.72333158646436,-74.04595255851744,1065,1003,1189,1488,1759,1774,1899,1848,1545,1739,1291,1038
59,5297.02,Vesey Pl & River Terrace,40.7153379,-74.01658354,6,3,2,7,7,10,18,9,19,20,4,6
60,JC020,Baldwin at Montgomery,40.72358799,-74.064381123,989,860,933,1434,1418,1388,1884,1879,1579,1218,1158,915
61,HB503,Madison St & 10 St,40.74994325412246,-74.03586477041245,1345,1201,1330,1494,2188,1973,2082,2483,2165,2418,1820,1427
62,JC108,Bergen Ave & Stegman St,40.70657545063453,-74.0867006778717,98,71,79,172,287,208,359,321,237,233,181,124
63,JC019,Hilltop,40.731104851,-74.057471395,782,688,897,1038,1074,1058,1334,1473,1034,1005,785,559
64,JC052,Liberty Light Rail,40.7112423,-74.0557013,1611,1477,1899,2936,3468,3163,3592,3762,2799,2780,2163,1598
65,HB202,14 St Ferry - 14 St & Shipyard Ln,40.75296063046496,-74.02435272932053,1879,1499,1940,3039,4275,3854,804,3588,3186,3198,2383,1861
66,HB303,Clinton St & 7 St,40.745437741,-74.033406019,1800,1737,1931,2363,2726,2707,3036,3259,3317,3280,2480,1999
67,HB203,Bloomfield St & 15 St,40.75453,-74.02658,1177,1192,1408,2028,2391,2258,3557,2960,2462,2313,1644,1301
68,JC097,York St & Marin Blvd,40.716615000830494,-74.0424120426178,286,382,370,579,860,921,841,859,782,792,518,422
69,JC027,Jersey & 6th St,40.725198865,-74.045508504,740,792,981,1227,1415,1144,1224,1239,1197,970,1106,808
70,HB602,Stevens - River Ter & 6 St,40.74313282710551,-74.02698867022991,1088,1410,1572,2171,1751,1476,1768,1994,3018,2713,2395,1430
71,6072.14,Gansevoort St & Hudson St,40.73944820130404,-74.00507032871246,1,2,0,0,0,1,0,0,0,0,0,0
72,6926.01,W 52 St & 11 Ave,40.76727216,-73.99392888,1,0,0,0,0,0,0,1,0,0,1,0
73,JC066,Newport PATH,40.7272235,-74.0337589,2626,2417,3014,3924,4692,4993,5570,5876,3045,4295,3602,2659
74,5207.01,Centre St & Chambers St,40.71273266,-74.0046073,1,1,0,2,3,0,0,1,0,1,1,0
75,JC095,Bergen Ave,40.722103786686034,-74.07145500183105,879,842,905,870,940,935,1130,1202,1012,1041,922,845
76,HB102,Hoboken Terminal - River St & Hudson Pl,40.73604095,-74.029129148,5612,5324,6170,7008,8185,7786,8599,7936,7890,8907,7319,6285
77,HB506,Grand St & 14 St,40.75409,-74.0316,1335,1131,1548,2016,2357,2842,2901,2796,2546,2754,1988,1592
78,4962.02,Whitehall St & Bridge St,40.70366170524135,-74.0131813287735,1,0,0,0,0,0,0,0,0,0,0,0
79,JC065,Dey St,40.737726331,-74.066985726,453,361,428,496,526,466,551,716,571,520,496,371
80,8358.10,Cabrini Blvd & W 177 St,40.848282,-73.941343,1,1,0,0,0,0,0,0,0,0,0,0
81,JC032,Newark Ave,40.721406817,-74.046100855,1626,1433,1831,2171,2758,2936,3066,3306,2384,2692,2203,1697
82,5329.03,West St & Chambers St,40.71754834,-74.01322069,2,2,1,1,2,1,5,6,2,6,2,2
83,JC081,Brunswick & 6th,40.726077676,-74.050448298,1405,1066,1462,1567,1858,1951,1763,2100,1614,1732,1228,1073
84,5532.01,Mercer St & Spring St,40.72362738,-73.99949601,5,2,1,5,0,1,4,5,6,4,4,3
85,5137.10,Spruce St & Nassau St,40.71146364,-74.00552427,1,0,0,0,1,0,0,0,0,1,1,0
86,5359.10,Hudson St & Reade St,40.71625008,-74.0091059,1,0,1,2,0,3,0,1,0,0,0,0
87,4993.15,Water St & Gouverneur Ln,40.70469667894968,-74.00803416967392,1,3,1,0,2,1,3,3,2,2,1,0
88,6659.10,E 50 St & Park Ave,40.757334,-73.974235,1,0,0,0,0,0,0,1,0,1,0,0
89,JC051,Union St,40.7182113,-74.0836394,254,161,231,287,349,332,419,400,292,388,354,242
90,HB407,Adams St & 2 St,40.73981372311843,-74.03690412640572,1376,1339,1708,1853,2122,2279,2443,2426,2380,2574,1847,1459
91,8013.07,St Nicholas Ave & W 150 St,40.827212,-73.942722,1,0,0,0,0,0,0,0,0,0,0,0
92,JC055,McGinley Square,40.72548008,-74.067639947,1265,1121,1497,1694,1852,1378,1705,1906,1650,1706,1313,1059
93,JC077,Astor Place,40.71928220070702,-74.07126188278198,511,446,543,737,741,688,829,846,680,814,606,473
94,HB409,Clinton St & Newark St,40.73743,-74.03571,1515,1361,1603,1913,2369,2495,2755,2862,2238,2287,1876,1476
95,JC023,Brunswick St,40.724039316,-74.050679684,1119,908,1197,1616,1759,1784,2035,2238,1662,1683,1563,1145
96,6115.06,Hudson St & W 13 St,40.74005708567285,-74.0052741765976,2,0,0,0,2,2,1,0,0,2,0,0
97,5065.10,Maiden Ln & Pearl St,40.70706456,-74.00731853,1,2,8,6,8,3,13,10,5,6,5,5
98,5636.13,E 1 St & Bowery,40.72486122254819,-73.99213135242462,1,0,0,2,0,0,0,0,0,1,0,0
99,7281.09,W 76 St & Columbus Ave,40.7801839724239,-73.97728532552719,1,0,0,0,0,0,0,0,0,0,0,0
100,5653.12,Spring St & Hudson St,40.72583996792375,-74.0076532959938,1,1,0,0,0,0,1,5,5,1,3,0
101,6584.12,E 47 St & Park Ave,40.75510267,-73.97498696,1,0,0,0,0,0,0,0,2,0,1,0
102,6765.01,12 Ave & W 40 St,40.76087502,-74.00277668,1,1,1,0,5,7,3,5,9,7,8,8
103,5065.12,William St & Pine St,40.70717936,-74.00887308,1,0,0,2,0,0,0,0,3,1,3,1
104,5024.10,Water St &  Fletcher St,40.706410755236135,-74.00559738278389,1,1,0,1,2,1,3,1,0,0,0,1
105,5216.06,Vesey St & Church St,40.71221958009051,-74.01047229766846,2,1,0,1,1,3,0,4,5,5,4,1
106,4846.01,South St & Whitehall St,40.70122128,-74.01234218,2,0,0,0,0,2,0,0,0,0,0,0
107,5391.06,Lispenard St & Broadway,40.71939226,-74.00247214,1,0,0,0,0,1,0,0,1,0,1,2
108,7059.01,11 Ave & W 59 St,40.77149671054441,-73.99046033620834,1,0,0,0,0,1,0,0,2,0,0,0
109,5184.08,West St & Liberty St,40.711444,-74.014847,2,1,2,1,0,2,5,0,4,0,0,0
110,5470.10,Greenwich St & Hubert St,40.721319,-74.010065,3,3,3,6,10,11,18,14,7,21,16,5
111,5470.12,North Moore St & Greenwich St,40.72019521437465,-74.0103006362915,1,1,2,3,5,11,4,6,11,9,6,1
112,6801.01,E 59 St & Madison Ave,40.76350532,-73.97109243,1,0,0,0,0,0,0,0,0,0,0,0
113,5105.01,Liberty St & Broadway,40.70905623,-74.01043382,2,2,3,0,3,0,1,1,2,2,2,0
114,7701.21,5 Ave & W 126 St,40.80722,-73.9418,1,0,0,0,0,0,0,0,0,0,0,0
115,4962.01,Broadway & Battery Pl,40.70463334,-74.01361706,3,0,0,0,0,0,1,0,0,0,1,1
116,5145.02,Albany St & Greenwich St,40.709267,-74.013247,1,0,0,0,0,0,1,0,0,0,0,0
117,5430.10,6 Ave & Walker St,40.7197920901383,-74.0052238852195,4,3,1,1,7,4,5,3,1,2,1,3
118,HB103,South Waterfront Walkway - Sinatra Dr & 1 St,40.73698221818716,-74.02778059244156,3548,3311,4273,5971,6813,6951,7836,7723,5676,5219,3006,2239
119,JC014,Columbus Drive,40.71835519823214,-74.03891444206238,1325,1279,1533,2002,2700,2817,3111,3114,2639,2540,2312,1645
120,6483.06,W 36 St & 7 Ave,40.752149,-73.989539,1,0,0,0,0,0,0,0,0,0,0,0
121,HB608,2 St & Park Ave,40.73915272763701,-74.0330819785595,0,299,1014,1424,1712,1867,1853,2198,1901,2205,1617,1147
122,5430.08,Franklin St & W Broadway,40.71911552,-74.00666661,0,2,0,1,2,0,0,1,0,0,0,1
123,6676.02,W 45 St & 8 Ave,40.75929124,-73.98859651,0,1,0,0,2,1,1,0,0,0,0,2
124,6289.06,Broadway & W 29 St,40.7462009,-73.98855723,0,1,0,0,0,0,0,0,4,0,0,0
125,5368.03,River Ter & Warren St,40.71759894980997,-74.01587963104248,0,1,2,2,5,3,2,1,5,3,7,2
126,6517.08,W 42 St & 6 Ave,40.75492,-73.98455,0,1,0,0,0,0,0,0,0,0,0,0
127,6224.03,W 22 St & 8 Ave,40.74475148,-73.99915362,0,1,0,0,0,0,0,0,0,0,0,0
128,7692.11,W 116 St & Amsterdam Ave,40.8067581,-73.9607082,0,1,0,0,0,0,0,0,0,0,0,0
129,5636.11,Great Jones St,40.72743423,-73.99379025,0,1,0,1,3,0,0,0,2,1,0,1
130,5096.12,Peck Slip & South St,40.7075188830923,-74.00108054280281,0,1,0,0,1,0,0,0,0,0,1,0
131,5359.12,Duane St & Hudson St,40.71703,-74.00925,0,1,0,1,0,0,1,0,0,0,0,3
132,8358.03,W 180 St & Ft Washington Ave,40.849972,-73.938423,0,1,1,2,5,0,5,1,1,1,1,0
133,6450.05,8 Ave & W 31 St,40.7505853470215,-73.9946848154068,0,1,0,0,1,0,0,1,0,1,0,0
134,8381.04,W 181 St & Riverside Dr,40.85168,-73.94186,0,1,0,0,0,0,1,0,0,1,0,0
135,6306.01,W 20 St & 10 Ave,40.745686,-74.005141,0,1,0,0,0,0,0,0,0,1,0,1
136,6157.04,10 Ave & W 14 St,40.74198159994023,-74.00831580162048,0,2,3,0,4,3,1,0,1,4,3,3
137,5288.09,Warren St & W Broadway,40.71473993,-74.00910627,0,1,0,1,1,0,2,1,0,1,0,0
138,5687.11,King St & Varick St,40.72789701409023,-74.00536268949507,0,2,0,0,0,0,0,0,0,0,0,0
139,5453.06,Kenmare St & Elizabeth St,40.72054,-73.9949,0,1,0,1,0,0,0,0,1,0,0,0
140,6492.04,W 33 St & 10 Ave,40.75377336836039,-73.99937599897385,0,3,0,0,1,1,1,0,0,0,0,1
141,5114.06,West Thames St,40.70834698,-74.01713445,0,5,0,0,2,0,0,7,0,0,0,0
142,5175.08,Fulton St & Broadway,40.711066,-74.009447,0,2,4,1,0,2,5,1,5,9,1,1
143,6306.06,W 22 St & 10 Ave,40.74691959,-74.00451887,0,1,0,0,3,2,0,3,0,1,0,0
144,SYS035,Pier 40 Dock Station,40.72866,-74.01198,0,1,0,0,0,0,0,0,0,0,0,0
145,6233.05,W 16 St & The High Line,40.74334935,-74.00681753,0,0,2,1,1,0,1,4,0,1,2,8
146,5561.04,Mott St & Prince St,40.72317958,-73.99480012,0,0,1,0,0,1,0,0,0,0,1,0
147,4993.02,Pearl St & Hanover Square,40.7047177,-74.00926027,0,0,6,0,2,2,1,3,0,1,0,0
148,6148.02,W 17 St & 8 Ave,40.74177603,-74.00149746,0,0,1,1,0,0,0,0,0,0,0,0
149,5679.05,Mercer St & Bleecker St,40.72706363348306,-73.99662137031554,0,0,2,0,0,0,0,1,1,1,0,0
150,5359.11,Leonard St & Church St,40.717571,-74.005549,0,0,1,0,4,0,3,0,0,0,0,0
151,6364.07,6 Ave & W 33 St,40.74901271,-73.98848395,0,0,1,0,0,1,0,1,2,2,3,0
152,JC116,Exchange Pl,40.71636596185077,-74.034343957901,0,0,1484,2518,3035,3569,3488,4213,3461,3377,2582,2137
153,5922.07,Perry St & Bleecker St,40.73535398,-74.00483091,0,0,1,0,0,0,0,0,0,0,0,2
154,6711.13,Steinway St & Broadway,40.75905795418586,-73.91897544264793,0,0,1,0,0,0,0,0,0,0,0,0
155,6224.06,8 Ave & W 24 St,40.74591072834279,-73.99807110428809,0,0,3,1,0,0,0,0,2,0,0,0
156,5500.07,6 Ave & Canal St,40.72243797,-74.00566443,0,0,1,1,3,2,3,1,2,0,0,0
157,5593.04,E 4 St & 2 Ave,40.7262807,-73.98978041,0,0,1,0,0,2,2,0,0,0,0,0
158,5712.12,E 5 St & Cooper Sq,40.72769,-73.990993,0,0,1,5,1,3,4,2,0,1,2,1
159,6257.03,W 24 St & 7 Ave,40.74487634,-73.99529885,0,0,3,2,2,2,0,0,0,2,0,0
160,4953.04,South St & Gouverneur Ln,40.70355377,-74.00670227,0,0,1,0,4,3,1,0,0,0,0,0
161,6708.04,Broadway & W 48 St,40.76017739537783,-73.98486793041229,0,0,1,0,0,0,0,0,0,0,0,2
162,5470.02,N Moore St & Hudson St,40.71996118117138,-74.00844320654869,0,0,1,0,0,1,0,0,0,1,0,0
163,6131.12,Madison Ave & E 26 St,40.742684734875695,-73.98671329021454,0,0,1,0,2,2,1,0,0,0,1,0
164,5343.11,Orchard St & Grand St,40.717318403855785,-73.99067759513855,0,0,0,2,0,1,0,3,0,0,0,0
165,5159.04,Pike St & Monroe St,40.71173107,-73.99193043,0,0,0,1,1,1,0,0,0,1,0,0
166,5422.09,Lafayette St & Grand St,40.72028,-73.99879,0,0,0,1,0,1,0,0,0,1,0,0
167,6876.04,Central Park S & 6 Ave,40.76590936,-73.97634151,0,0,0,1,0,0,0,0,2,1,0,1
168,5772.05,Morton St & Washington St,40.73115,-74.00887,0,0,0,1,0,0,0,0,0,0,0,0
169,6140.05,W 21 St & 6 Ave,40.74173969,-73.99415556,0,0,0,1,2,0,1,1,0,0,0,4
170,5578.02,Watts St & Greenwich St,40.72405549,-74.00965965,0,0,0,1,0,0,1,4,0,1,0,1
171,8299.03,Wadsworth Ave & W 175 St,40.846052,-73.937648,0,0,0,3,0,0,0,0,0,0,0,0
172,5065.14,Cliff St & Fulton St,40.70838,-74.00495,0,0,0,1,0,2,2,0,0,0,1,0
173,6526.05,8 Ave & W 38 St,40.75461,-73.99177,0,0,0,1,0,0,0,0,0,1,0,0
174,7942.21,Riverside Dr & W 138 St,40.823168,-73.955857,0,0,0,1,0,0,0,0,0,0,0,0
175,5382.07,Forsyth St & Grand St,40.71779817737835,-73.99316132068634,0,0,0,1,0,0,0,0,0,0,0,0
176,7524.16,Riverside Dr & W 91 St,40.79313480986663,-73.97700369358063,0,0,0,1,0,0,1,0,0,0,0,0
177,6459.07,W 30 St & 10 Ave,40.752694,-74.002353,0,0,0,1,6,8,9,4,3,1,0,0
178,6611.02,W 37 St & 10 Ave,40.75660359,-73.9979009,0,0,0,4,1,2,0,2,0,0,0,0
179,6173.08,Broadway & W 25 St,40.74286877312112,-73.98918628692627,0,0,0,1,0,0,0,0,0,2,0,0
180,6535.04,W 34 St & Hudson Blvd E,40.75516719072139,-74.00059908628464,0,0,0,2,2,2,0,1,1,1,1,0
181,7183.03,Riverside Blvd & W 67 St,40.777507027547976,-73.98888587951659,0,0,0,1,0,0,0,0,1,0,0,0
182,5730.08,Greenwich St & W Houston St,40.728846,-74.008591,0,0,0,1,2,0,4,3,0,2,1,1
183,6098.12,Broadway & E 19 St,40.73866091428551,-73.98987293243407,0,0,0,1,0,0,0,0,0,0,0,0
184,7188.13,Madison Ave & E 82 St,40.7781314,-73.96069399,0,0,0,1,0,0,0,0,0,0,0,0
185,5905.14,University Pl & E 14 St,40.734814,-73.992085,0,0,0,1,2,4,2,2,1,0,1,0
186,5001.08,Little West St & 1 Pl,40.705693,-74.016777,0,0,0,1,0,0,1,0,0,0,0,0
187,4317.05,Bushwick Ave & Furman Ave,40.735353589,-74.046973348,0,0,0,0,2,0,0,0,0,0,0,0
188,4366.01,Halsey St & Broadway,40.68565,-73.91564,0,0,0,0,2,0,0,0,0,0,0,0
189,6839.10,Grand Army Plaza & Central Park S,40.735353589,-74.046973348,0,0,0,0,3,0,0,0,0,0,0,0
190,6459.04,10 Ave & W 28 St,40.75066386,-74.00176802,0,0,0,0,2,0,0,1,1,0,0,0
191,5303.06,Clinton St & Grand St,40.71559509,-73.9870295,0,0,0,0,2,0,0,0,0,0,0,0
192,4683.02,Emerson Pl & Myrtle Ave,40.735353589,-74.046973348,0,0,0,0,2,0,0,0,0,0,0,0
193,4319.07,Halsey St & Tompkins Ave,40.6823687,-73.944118,0,0,0,0,2,0,0,1,0,0,0,0
194,6659.01,E 51 St & Lexington Ave,40.735353589,-74.046973348,0,0,0,0,2,1,2,1,1,0,0,0
195,6771.13,W 54 St & 6 Ave,40.761865,-73.977242,0,0,0,0,2,0,0,0,3,5,3,0
196,4060.09,Carroll St & 5 Ave,40.735353589,-74.046973348,0,0,0,0,2,0,0,0,0,0,0,0
197,4281.08,Bergen St & Flatbush Ave,40.680944723477296,-73.97567331790923,0,0,0,0,2,0,0,0,0,0,0,0
198,5492.05,Cleveland Pl & Spring St,40.735353589,-74.046973348,0,0,0,0,8,0,0,2,0,0,1,1
199,5989.02,W 15 St & 6 Ave,40.738046142482766,-73.99642959237099,0,0,0,0,2,0,0,0,1,0,0,0
200,7141.07,Central Park West & W 72 St,40.77579376683666,-73.9762057363987,0,0,0,0,1,0,0,0,0,0,0,0
201,5411.08,Driggs Ave & N 9 St,40.71816969454208,-73.95520135760307,0,0,0,0,2,0,0,0,0,0,0,0
202,4784.02,Greene Av & Myrtle Av,40.735353589,-74.046973348,0,0,0,0,2,0,0,0,0,0,0,0
203,4816.05,Myrtle Ave & Grove St,40.69905,-73.91516,0,0,0,0,2,0,0,0,0,0,0,0
204,6912.01,7 Ave & Central Park South,40.735353589,-74.046973348,0,0,0,0,2,0,0,0,4,1,1,0
205,7323.09,5 Ave & E 87 St,40.78232260730881,-73.95987510681152,0,0,0,0,4,2,2,0,0,2,0,0
206,4474.01,Halsey St & Evergreen Ave,40.68858,-73.91227,0,0,0,0,2,0,0,0,0,0,0,0
207,5626.07,E 7 St & Avenue A,40.735353589,-74.046973348,0,0,0,0,2,0,0,0,0,0,0,0
208,6030.04,W 13 St & 7 Ave,40.73781509,-73.99994661,0,0,0,0,2,0,0,0,0,0,0,2
209,5679.08,Bleecker St & Crosby St,40.72615604980408,-73.99510189890862,0,0,0,0,1,2,5,0,1,4,0,1
210,5755.09,Washington Square E,40.73049393,-73.9957214,0,0,0,0,2,0,0,2,0,1,0,0
211,5914.08,Greenwich Ave & Charles St,40.735238,-74.000271,0,0,0,0,1,0,1,0,0,0,0,2
212,5569.06,W Broadway & Spring St,40.72494672359416,-74.00165855884552,0,0,0,0,1,2,0,0,0,0,0,0
213,4437.09,Nevins St & Schermerhorn St,40.735353589,-74.046973348,0,0,0,0,2,0,0,0,0,0,0,0
214,4553.04,Kosciuszko St & Tompkins Ave,40.69128258,-73.9452416,0,0,0,0,2,0,0,0,0,0,0,0
215,6659.09,Madison Av & E 51 St,40.75863,-73.97513,0,0,0,0,2,2,3,1,0,0,0,3
216,5788.12,E 12 St & 3 Ave,40.73223272,-73.98889957,0,0,0,0,2,0,0,0,0,0,1,0
217,5847.08,Washington St & Barrow St,40.73191132323174,-74.008769094944,0,0,0,0,1,0,0,0,2,0,0,0
218,6551.02,W 44 St & 5 Ave,40.75500254,-73.98014437,0,0,0,0,4,1,2,6,3,2,0,0
219,5303.08,Canal St & Rutgers St,40.71427487,-73.98990025,0,0,0,0,2,1,1,0,0,0,0,1
220,5033.01,Broadway & Morris St,40.705945132708806,-74.01321887969969,0,0,0,0,1,1,1,0,2,1,1,0
221,6212.04,48 Ave & 5 St,40.735353589,-74.046973348,0,0,0,0,4,0,0,0,0,0,0,0
222,5340.01,N 7 St & Driggs Ave,40.716967,-73.956388,0,0,0,0,2,0,0,0,0,0,0,0
223,4395.07,Hanson Pl & Ashland Pl,40.735353589,-74.046973348,0,0,0,0,2,0,0,0,0,0,0,0
224,5593.02,E 2 St & 2 Ave,40.72502876,-73.99069656,0,0,0,0,2,0,0,0,0,0,1,0
225,4404.10,Bond St & Bergen St,40.735353589,-74.046973348,0,0,0,0,2,0,0,0,0,0,0,0
226,5905.12,Broadway & E 14 St,40.73454567,-73.99074142,0,0,0,0,2,0,0,0,0,0,0,0
227,5411.07,Union Ave & N 12 St,40.735353589,-74.046973348,0,0,0,0,2,0,0,0,0,0,0,0
228,5752.09,Greenpoint Ave & West St,40.729803,-73.959099,0,0,0,0,2,0,0,0,0,0,0,0
229,4249.10,St Marks Pl & 4 Ave,40.735353589,-74.046973348,0,0,0,0,2,0,0,0,0,0,0,0
230,4243.01,Commerce St & Van Brunt St,40.6812117,-74.00860912,0,0,0,0,2,0,0,0,0,0,0,0
231,6740.10,W 51 St & 6 Ave,40.735353589,-74.046973348,0,0,0,0,2,0,0,0,1,1,1,0
232,6644.08,9 Ave & W 39 St,40.756403523272496,-73.99410143494606,0,0,0,0,2,0,0,0,1,0,0,0
233,5997.10,W 12 St & Hudson St,40.73752993301071,-74.00558933615685,0,0,0,0,2,0,0,0,0,0,0,0
234,6762.02,E 58 St & 3 Ave,40.76095756,-73.96724467,0,0,0,0,1,0,0,0,0,0,0,0
235,5065.04,John St & William St,40.735353589,-74.046973348,0,0,0,0,2,1,0,2,0,0,0,0
236,6822.09,1 Ave & E 68 St,40.735353589,-74.046973348,0,0,0,0,2,0,0,0,0,1,0,0
237,5788.16,E 11 St & 3 Ave,40.735353589,-74.046973348,0,0,0,0,2,0,0,0,0,0,0,0
238,5746.14,E 11 St & 1 Ave,40.72953837,-73.98426726,0,0,0,0,2,1,0,0,0,0,0,0
239,4507.07,Wilson Ave & Moffat St,40.735353589,-74.046973348,0,0,0,0,2,0,0,0,0,0,0,0
240,4446.03,Pacific St & Smith St,40.735353589,-74.046973348,0,0,0,0,2,0,0,0,0,0,0,0
241,4906.07,George St & Wilson Ave,40.735353589,-74.046973348,0,0,0,0,4,0,0,0,0,0,0,0
242,4824.03,Stockholm St & Wilson Ave,40.699304,-73.923044,0,0,0,0,2,2,0,0,0,0,0,0
243,5696.03,Pier 40 - Hudson River Park,40.7277140777778,-74.01129573583603,0,0,0,0,3,4,1,0,0,0,0,0
244,6578.01,W 34 St & 11 Ave,40.75594159,-74.0021163,0,0,0,0,2,6,5,1,2,0,3,0
245,6495.17,31 St & Northern Blvd,40.75186951421875,-73.93349289894103,0,0,0,0,2,0,0,0,0,0,0,0
246,6932.15,E 68 St & Madison Ave,40.735353589,-74.046973348,0,0,0,0,4,0,0,0,0,0,0,0
247,6602.03,W 41 St & 8 Ave,40.75640548,-73.9900262,0,0,0,0,2,0,2,0,5,0,0,3
248,7981.16,Broadway & W 142 St,40.824686,-73.951947,0,0,0,0,1,0,0,0,0,0,0,0
249,5914.03,W 11 St & 6 Ave,40.73532427,-73.99800419,0,0,0,0,1,1,0,0,0,0,0,0
250,4596.09,Lawrence St & Willoughby St,40.69236178,-73.98631746,0,0,0,0,1,0,0,0,0,0,0,0
251,5348.02,Wythe Ave & Metropolitan Ave,40.735353589,-74.046973348,0,0,0,0,2,0,0,0,0,0,0,0
252,5276.04,S 2 St & Kent Ave,40.714731,-73.966612,0,0,0,0,2,0,0,0,1,0,0,0
253,7886.02,12 Ave & W 125 St,40.818299,-73.960405,0,0,0,0,1,0,0,0,0,0,0,0
254,4936.21,Main St & Plymouth St,40.70378167354831,-73.99073392152786,0,0,0,0,2,1,0,0,0,0,0,0
255,7340.06,Riverside Dr & W 78 St,40.78414472,-73.98362492,0,0,0,0,1,0,0,0,0,0,0,0
256,6560.14,W 40 St & 7 Ave,40.754818,-73.988154,0,0,0,0,1,0,0,0,0,0,0,1
257,6072.06,Greenwich Ave & 8 Ave,40.7390169121,-74.0026376103,0,0,0,0,2,0,0,1,0,1,0,0
258,5712.03,Cooper Square & Astor Pl,40.735353589,-74.046973348,0,0,0,0,2,0,0,0,0,0,0,0
259,6717.06,9 Ave & W 45 St,40.735353589,-74.046973348,0,0,0,0,2,0,1,0,0,0,0,0
260,6747.07,8 Ave & W 49 St,40.735353589,-74.046973348,0,0,0,0,2,4,0,0,2,0,0,0
261,5584.04,E 6 St & Avenue B,40.72453734,-73.98185424,0,0,0,0,2,0,1,0,0,0,0,0
262,5763.03,Carmine St & 6 Ave,40.73038599,-74.00214988,0,0,0,0,4,1,2,0,1,1,0,0
263,6322.01,E 33 St & 5 Ave,40.74765947,-73.98490707,0,0,0,0,1,0,0,0,0,0,0,0
264,6072.11,8 Ave & W 16 St,40.740983,-74.001702,0,0,0,0,2,1,0,1,1,1,0,0
265,4550.05,Central Ave & Covert St,40.735353589,-74.046973348,0,0,0,0,2,0,0,0,0,0,0,0
266,6756.05,W 44 St & 11 Ave,40.735353589,-74.046973348,0,0,0,0,4,2,1,0,0,0,0,0
267,5414.07,Delancey St & Eldridge St,40.735353589,-74.046973348,0,0,0,0,2,0,0,0,0,0,0,0
268,4987.06,White St & Moore St,40.704508,-73.9351,0,0,0,0,2,0,0,0,0,0,0,0
269,4645.09,Hicks St & Montague St,40.69512845,-73.99595065,0,0,0,0,1,0,0,0,0,0,0,0
270,6593.15,6 Ave & W 45 St,40.756951,-73.982631,0,0,0,0,1,0,0,0,0,0,0,0
271,5847.01,Christopher St & Greenwich St,40.73291553,-74.00711384,0,0,0,0,1,2,5,0,0,0,0,1
272,5755.01,Washington Pl & Broadway,40.72903917,-73.99404649,0,0,0,0,2,0,0,0,0,0,0,0
273,5267.08,Grand St & Havemeyer St,40.735353589,-74.046973348,0,0,0,0,2,0,0,0,0,0,0,0
274,4380.08,Henry St & Degraw St,40.6847514,-73.99917254,0,0,0,0,2,0,0,0,0,0,0,0
275,6464.09,E 44 St & Lexington Ave,40.752643,-73.974996,0,0,0,0,1,0,0,0,1,0,0,0
276,5886.13,E 20 St & FDR Dr,40.735353589,-74.046973348,0,0,0,0,4,0,0,0,0,0,0,0
277,5838.09,Washington Pl & 6 Ave,40.73224119,-74.00026394,0,0,0,0,2,0,0,0,0,0,1,0
278,5156.05,S 4 St & Rodney St,40.70934,-73.95608,0,0,0,0,1,0,0,0,0,0,0,0
279,5847.06,W 10 St & Washington St,40.73342399437081,-74.00851495563984,0,0,0,0,1,0,0,0,0,1,0,0
280,6098.10,Broadway & E 21 St,40.73988840858996,-73.98958593606949,0,0,0,0,2,0,2,2,0,0,0,0
281,5980.07,E 17 St & Broadway,40.73704984,-73.99009296,0,0,0,0,2,1,1,5,1,0,1,0
282,6004.06,E 27 St & 1 Ave,40.735353589,-74.046973348,0,0,0,0,2,0,0,0,0,0,0,0
283,5613.04,Kingsland Ave & Nassau Ave,40.735353589,-74.046973348,0,0,0,0,2,0,0,0,0,0,0,0
284,4531.05,Henry St & Atlantic Ave,40.69089272,-73.99612349,0,0,0,0,2,0,0,0,0,0,0,0
285,5500.02,Grand St & Greene St,40.72170005235607,-74.00238141417502,0,0,0,0,1,1,0,0,0,0,0,0
286,5779.08,1 Ave & E 16 St,40.73221853,-73.98165557,0,0,0,0,1,0,0,0,0,0,0,0
287,5509.02,Washington St & Laight St,40.72231,-74.0106,0,0,0,0,1,1,2,8,2,7,2,0
288,6541.03,E 48 St & 3 Ave,40.7546011026,-73.971878855,0,0,0,0,1,0,1,0,4,0,0,0
289,7745.07,W 120 St & Claremont Ave,40.8109494,-73.9634,0,0,0,0,1,0,0,0,0,0,0,0
290,4665.02,Willoughby Ave & Tompkins Ave,40.69425403,-73.94626915,0,0,0,0,2,0,0,0,0,1,0,0
291,4368.05,Monroe St & Bedford Ave,40.735353589,-74.046973348,0,0,0,0,2,0,0,0,0,0,0,0
292,6197.08,E 33 St & 1 Ave,40.74322681432173,-73.97449783980846,0,0,0,0,1,0,1,0,0,0,0,2
293,8226.07,W 168th S & Fort Washington Ave,40.84210236102173,-73.9422395825386,0,0,0,0,1,0,0,0,0,0,0,0
294,6860.12,E 65 St & 2 Ave,40.76471851944339,-73.96222069859505,0,0,0,0,0,1,0,0,0,0,0,0
295,5820.08,E 13 St & 2 Ave,40.71433115,-74.03313255,0,0,0,0,0,2,0,0,0,2,0,0
296,5626.13,St Marks Pl & 1 Ave,40.72779126,-73.98564945,0,0,0,0,0,2,0,0,0,0,0,0
297,5721.01,Sullivan St & Washington Sq,40.73771905,-74.06712138333333,0,0,0,0,0,2,0,0,0,0,0,0
298,6795.01,W 46 St & 11 Ave,40.76341379,-73.99667444,0,0,0,0,0,1,0,0,0,0,0,0
299,5602.06,Greene St & Prince St,40.719274633333335,-74.04311011666667,0,0,0,0,0,2,0,0,0,0,0,0
300,5195.06,S 4 St & Roebling St,40.710709,-73.959724,0,0,0,0,0,2,2,0,0,0,0,0
301,7049.04,E 82 St & East End Ave,40.73771905,-74.06712138333333,0,0,0,0,0,2,0,0,0,0,0,0
302,7212.05,E 85 St & 3 Ave,40.77801203,-73.95407149,0,0,0,0,0,2,0,0,0,0,0,0
303,5198.04,Market St & Cherry St,40.719274633333335,-74.04311011666667,0,0,0,0,0,2,0,0,0,0,0,0
304,5270.08,Division St & Bowery,40.714193,-73.996732,0,0,0,0,0,2,0,0,0,0,0,0
305,5329.08,Murray St & West St,40.71503,-74.01246,0,0,0,0,0,3,1,1,0,3,0,0
306,6747.06,W 49 St & 8 Ave,40.78096506666667,-74.01874861666667,0,0,0,0,0,1,0,0,0,0,0,0
307,6425.04,11 Ave & W 27 St,40.751396,-74.005226,0,0,0,0,0,1,0,0,0,1,0,0
308,7100.07,5 Ave & E 72 St,40.77282817,-73.96685276,0,0,0,0,0,2,1,0,1,0,0,0
309,5955.12,Perry St & Greenwich Ave,40.719274633333335,-74.04311011666667,0,0,0,0,0,2,0,1,0,0,0,2
310,6560.01,Broadway & W 41 St,40.719274633333335,-74.04311011666667,0,0,0,0,0,2,1,1,0,0,0,0
311,6551.11,E 43 St & Madison Ave,40.73771905,-74.06712138333333,0,0,0,0,0,3,1,2,2,3,1,0
312,6432.11,E 40 St & Park Ave,40.750756,-73.978326,0,0,0,0,0,3,1,1,0,0,0,16
313,6560.15,Broadway & W 38 St,40.763495633333335,-74.01484118333333,0,0,0,0,0,1,0,0,0,1,0,0
314,7180.02,E 84 St & 1 Ave,40.77565541,-73.95068615,0,0,0,0,0,2,0,0,0,0,0,0
315,7235.13,E 88 St & 1 Ave,40.73771905,-74.06712138333333,0,0,0,0,0,2,0,0,0,0,0,0
316,7443.01,Madison Ave & E 99 St,40.73771905,-74.06712138333333,0,0,0,0,0,2,0,0,0,0,0,0
317,6925.09,2 Ave & E 72 St,40.7687620293096,-73.95840793848038,0,0,0,0,0,2,0,0,0,0,0,0
318,6753.08,1 Ave & E 62 St,40.7612274,-73.96094022,0,0,0,0,0,2,0,0,0,0,0,0
319,8254.01,W 170 St & University Ave,40.8639433,-73.9411734,0,0,0,0,0,1,0,0,0,0,0,0
320,6617.09,E 53 St & Lexington Ave,40.75828065,-73.97069431,0,0,0,0,0,2,0,0,0,0,0,0
321,4850.04,Tompkins Ave & Hopkins St,40.71433115,-74.03313255,0,0,0,0,0,2,0,0,0,0,0,0
322,4617.01,Lewis Ave & Kosciuszko St,40.69237074,-73.93705428,0,0,0,0,0,2,0,0,0,0,0,0
323,6847.02,Broadway & W 56 St,40.736344814,-74.029074669,0,0,0,0,0,13,0,1,0,0,0,2
324,7079.06,Central Park West & W 68 St,40.7734066,-73.97782542,0,0,0,0,0,1,0,0,0,1,0,0
325,8583.02,Sherman Ave & Thayer St,40.863124,-73.926994,0,0,0,0,0,1,0,0,0,0,0,0
326,7634.01,W 106 St & Amsterdam Ave,40.8008363,-73.9664492472,0,0,0,0,0,1,0,0,0,0,0,0
327,5351.03,Bayard St & Baxter St,40.71602118,-73.99974372,0,0,0,0,0,1,0,0,0,0,1,0
328,6339.06,W 25 St & 9 Ave,40.74783260583772,-74.0005722643582,0,0,0,0,0,1,0,0,0,0,0,0
329,6429.01,Queens Plaza North & Crescent St,40.75110165,-73.94073717,0,0,0,0,0,2,0,0,0,1,0,0
330,5610.09,6 Ave & Broome St,40.72431,-74.00473,0,0,0,0,0,2,1,1,0,3,0,1
331,6679.11,35 St & 34 Ave,40.73771905,-74.06712138333333,0,0,0,0,0,2,0,0,0,0,0,0
332,7132.08,27 Ave & 3 St,40.77485,-73.9342,0,0,0,0,0,1,0,0,0,0,0,0
333,5553.10,E 2 St & Avenue A,40.72307749068673,-73.98583620786667,0,0,0,0,0,2,0,0,0,0,0,0
334,5616.01,E 9 St & Avenue C,40.758944983333336,-74.0153526,0,0,0,0,0,2,0,0,0,0,0,0
335,6948.10,Broadway & W 58 St,40.758944983333336,-74.0153526,0,0,0,0,0,2,0,0,2,0,0,1
336,5659.05,E 10 St & Avenue A,40.72740794,-73.98142006,0,0,0,0,0,1,0,0,0,0,0,0
337,5769.06,Ave C & E 16 St,40.72984830346529,-73.97455215454102,0,0,0,0,0,1,0,0,0,0,0,0
338,5755.14,University Pl & E 8 St,40.73143724085228,-73.99490341544151,0,0,0,0,0,1,0,0,0,0,0,0
339,5294.04,Henry St & Grand St,40.75035571666667,-74.06811701666666,0,0,0,0,0,2,0,0,0,0,0,0
340,5374.01,Norfolk St & Broome St,40.7172274,-73.98802084,0,0,0,0,0,2,0,1,1,0,0,0
341,4663.06,Putnam Ave & Knickerbocker Ave,40.719274633333335,-74.04311011666667,0,0,0,0,0,2,0,0,0,0,0,0
342,6779.05,Broadway & W 53 St,40.75007196666667,-74.01744501666667,0,0,0,0,0,1,0,0,2,0,0,0
343,6659.03,E 53 St & Madison Ave,40.7597108,-73.97402311,0,0,0,0,0,1,1,0,0,1,1,2
344,8057.02,Grand Concourse & E 164 St,40.829608,-73.921461,0,0,0,0,0,1,0,0,0,0,0,0
345,5216.04,Barclay St & Church St,40.71291224,-74.01020234,0,0,0,0,0,2,0,1,1,0,1,0
346,5045.05,Division Ave & Hooper St,40.719274633333335,-74.04311011666667,0,0,0,0,0,1,0,0,0,0,0,0
347,7372.10,5 Ave & E 93 St,40.7857851,-73.957481,0,0,0,0,0,1,0,0,0,0,0,0
348,5436.09,Avenue D & E 3 St,40.72082834,-73.97793172,0,0,0,0,0,2,0,0,1,0,0,0
349,4519.02,Greene Ave & Nostrand Ave,40.6883337,-73.950916,0,0,0,0,0,1,0,0,0,0,1,0
350,7365.08,E 97 St & 3 Ave,40.73771905,-74.06712138333333,0,0,0,0,0,2,0,0,0,0,0,0
351,6046.02,E 25 St & 2 Ave,40.73771905,-74.06712138333333,0,0,0,0,0,2,0,0,0,0,0,0
352,5128.04,Catherine St & Monroe St,40.71117444,-73.99682619,0,0,0,0,0,2,2,0,0,0,0,0
353,5575.13,Avenue D & E 10 St,40.72506551015475,-73.97515833377838,0,0,0,0,0,2,0,0,0,0,0,0
354,7116.04,W 67 St & Broadway,40.77492513,-73.98266566,0,0,0,0,0,1,0,2,0,0,0,0
355,6389.09,E 39 St & Lexington Ave,40.7494985460252,-73.97729203113158,0,0,0,0,0,1,0,1,0,1,0,1
356,6816.07,8 Ave & W 52 St,40.8028376,-73.99727856666667,0,0,0,0,0,1,0,0,0,0,0,0
357,6450.12,8 Ave & W 33 St,40.751551,-73.993934,0,0,0,0,0,1,1,2,0,0,0,0
358,5073.07,Greenwich St & Rector St,40.70806582380646,-74.0135595202446,0,0,0,0,0,1,1,1,2,0,1,0
359,7432.09,W 89 St & Columbus Ave,40.73771905,-74.06712138333333,0,0,0,0,0,1,1,0,0,0,0,0
360,4651.02,Clinton Ave & Myrtle Ave,40.693261,-73.968896,0,0,0,0,0,1,0,0,0,0,0,2
361,SYS038,Morgan Loading Docks,40.709306335794274,-73.93117547035216,0,0,0,0,0,1,0,0,0,0,0,0
362,8226.06,Broadway & W 168 St,40.758944983333336,-74.0153526,0,0,0,0,0,4,0,0,0,1,1,0
363,8262.07,W 171 St & St. Nicholas Ave,40.758944983333336,-74.0153526,0,0,0,0,0,1,0,0,0,0,0,0
364,5922.04,Greenwich St & Perry St,40.73498,-74.00697,0,0,0,0,0,2,0,2,0,0,1,0
365,6182.02,W 20 St & 7 Ave,40.74238787,-73.99726235,0,0,0,0,0,1,0,0,0,0,0,0
366,4812.04,Sands St Gate,40.699569,-73.979827,0,0,0,0,0,2,0,0,2,0,0,0
367,5971.08,E 20 St & 2 Ave,40.73587678,-73.98205027,0,0,0,0,0,0,1,0,0,0,0,0
368,6960.10,3 Ave & E 71 St,40.76873687,-73.96119945,0,0,0,0,0,0,1,1,0,2,0,0
369,6364.10,6 Ave & W 34 St,40.71599065,-74.06153856666667,0,0,0,0,0,0,2,0,0,0,0,0
370,6230.04,FDR Drive & E 35 St,40.744219,-73.97121214,0,0,0,0,0,0,1,0,0,0,0,0
371,6098.02,W 20 St & 5 Ave,40.73972989238724,-73.99103969335556,0,0,0,0,0,0,1,0,0,0,0,2
372,6569.09,W 35 St & 9 Ave,40.75414519263519,-73.9960889518261,0,0,0,0,0,0,1,0,0,0,0,0
373,7646.04,W 110 St & Amsterdam Ave,40.802692,-73.96295,0,0,0,0,0,0,1,0,0,0,0,0
374,5797.01,MacDougal St & Washington Sq,40.73226398,-73.99852205,0,0,0,0,0,0,1,0,0,0,0,0
375,6700.01,W 52 St & 5 Ave,40.75992262,-73.97648516,0,0,0,0,0,0,1,8,2,7,0,0
376,5114.08,South End Ave & Albany St,40.709957,-74.016538,0,0,0,0,0,0,3,0,0,1,2,0
377,5351.07,Walker St & Baxter St,40.717411,-73.999573,0,0,0,0,0,0,2,0,0,0,1,1
378,7175.05,Columbus Ave & W 72 St,40.7770575,-73.97898475,0,0,0,0,0,0,1,1,0,0,0,0
379,7123.04,W 64 St & Thelonious Monk Circle,40.76129006666667,-74.0161544,0,0,0,0,0,0,1,0,0,0,0,0
380,6732.01,E 56 St & Madison Ave,40.761573,-73.972628,0,0,0,0,0,0,1,0,0,0,1,0
381,4962.08,Broad St & Bridge St,40.70365182,-74.01167797,0,0,0,0,0,0,1,0,1,0,0,0
382,5117.05,Stagg St & Union Ave,40.70877084,-73.95095259,0,0,0,0,0,0,2,2,0,0,0,0
383,8041.07,E 161 St & River Ave,40.827883,-73.927111,0,0,0,0,0,0,1,0,0,0,0,0
384,5190.09,Clinton St & Cherry St,40.711471394469264,-73.98672603070736,0,0,0,0,0,0,1,0,0,0,0,0
385,6700.14,W 51 St & Rockefeller Plaza,40.73700185,-74.03042316666667,0,0,0,0,0,0,1,0,0,0,0,0
386,6726.01,11 Ave & W 41 St,40.76030096,-73.99884222,0,0,0,0,0,0,1,0,0,0,0,0
387,7144.02,31 St & Ditmars Blvd,40.776168,-73.910485,0,0,0,0,0,0,1,0,0,0,0,0
388,5450.04,N 12 St & Bedford Ave,40.72079821,-73.95484712,0,0,0,0,0,0,1,0,0,0,0,0
389,6345.08,E 39 St & 2 Ave,40.74803319428767,-73.973827958107,0,0,0,0,0,0,1,1,0,0,0,0
390,6022.04,E 16 St & 5 Ave,40.73767578333333,-74.05254506666667,0,0,0,0,0,0,2,0,0,0,0,0
391,5539.06,Laight St & Hudson St,40.72185379,-74.00771779,0,0,0,0,0,0,1,1,0,0,0,0
392,6280.12,E 32 St & Park Ave,40.7457121,-73.98194829,0,0,0,0,0,0,1,1,0,0,0,0
393,7052.01,W 63 St & Broadway,40.77163851,-73.98261428,0,0,0,0,0,0,2,0,0,0,0,0
394,6224.05,W 20 St & 8 Ave,40.726639867,-74.029737234,0,0,0,0,0,0,1,0,0,0,0,0
395,4677.06,Montague St & Clinton St,40.6942715,-73.9923272,0,0,0,0,0,0,1,0,0,0,0,0
396,5779.10,E 14 St & 1 Ave,40.73139303364151,-73.98286700248718,0,0,0,0,0,0,1,0,1,0,0,0
397,5445.07,Stanton St & Norfolk St,40.720747,-73.986274,0,0,0,0,0,0,1,0,0,0,0,0
398,7365.13,E 95 St & 3 Ave,40.7849032,-73.950503,0,0,0,0,0,0,1,0,0,2,0,0
399,6824.07,W 47 St & 10 Ave,40.76269882,-73.99301222,0,0,0,0,0,0,1,0,0,0,0,1
400,8601.04,Grand Concourse & E 192 St,40.86448,-73.89522,0,0,0,0,0,0,1,0,0,0,0,0
401,6740.01,W 52 St & 6 Ave,40.76132983124814,-73.97982001304626,0,0,0,0,0,0,1,0,0,0,0,0
402,8563.06,Nagle Ave & Thayer St,40.861382,-73.925591,0,0,0,0,0,0,1,0,0,0,0,0
403,6611.07,Hudson Blvd W & W 36 St,40.75676475086503,-73.99971440439913,0,0,0,0,0,0,3,0,0,0,0,1
404,5659.11,E 11 St & Avenue B,40.72746420692392,-73.97950418293476,0,0,0,0,0,0,1,0,0,0,0,0
405,6889.12,E 72 St & York Ave,40.738623833333335,-74.02162763333334,0,0,0,0,0,0,1,0,0,0,0,0
406,6756.01,W 43 St & 10 Ave,40.76009437,-73.99461843,0,0,0,0,0,0,2,0,0,0,0,0
407,HB609,River St & 1 St,40.73721535335381,-74.02886540972803,0,0,0,0,0,0,0,1175,1875,2310,2978,2432
408,4637.07,Johnson St & Brooklyn Bridge Blvd,40.695,-73.98917,0,0,0,0,0,0,0,1,0,0,0,0
409,6896.16,E 68 St & 3 Ave,40.76712840349542,-73.96224617958069,0,0,0,0,0,0,0,2,2,0,1,0
410,6691.11,E 56 St & 3 Ave,40.75934501,-73.96759673,0,0,0,0,0,0,0,1,0,1,0,0
411,7619.05,W 107 St & Columbus Ave,40.7997568,-73.9621128676,0,0,0,0,0,0,0,1,0,0,0,0
412,6847.05,7 Ave & W 55 St,40.7652956,-74.01260011666666,0,0,0,0,0,0,0,1,0,0,0,0
413,5419.04,N 5 St & Wythe Ave,40.718389,-73.961501,0,0,0,0,0,0,0,2,0,0,0,0
414,6884.03,W 56 St & 8 Ave,40.765959181657976,-73.98313522338867,0,0,0,0,0,0,0,2,1,4,2,0
415,3893.03,Eastern Pkwy & Schenectady Ave,40.66876,-73.93376,0,0,0,0,0,0,0,1,0,0,0,0
416,6039.06,Washington St & Gansevoort St,40.739323,-74.008119,0,0,0,0,0,0,0,1,3,0,0,2
417,6602.05,W 42 St & 8 Ave,40.7575699,-73.99098507,0,0,0,0,0,0,0,1,0,0,0,0
418,5929.01,E 23 St & 1 Ave,40.736502,-73.97809472,0,0,0,0,0,0,0,1,0,0,0,0
419,7382.04,W 84 St & Columbus Ave,40.78499979,-73.97283406,0,0,0,0,0,0,0,2,0,0,0,0
420,5687.04,MacDougal St & Prince St,40.72710258,-74.00297088,0,0,0,0,0,0,0,1,0,1,0,0
421,6266.06,9 Ave & W 22 St,40.69967915,-74.0334966,0,0,0,0,0,0,0,1,0,0,0,0
422,5422.04,Howard St & Lafayette St,40.71910537,-73.99973337,0,0,0,0,0,0,0,1,0,0,0,0
423,6809.09,W 55 St & 6 Ave,40.7322901,-74.03300593333333,0,0,0,0,0,0,0,2,1,0,0,0
424,3911.05,Eastern Pkwy & Nostrand Ave,40.66967,-73.9503,0,0,0,0,0,0,0,1,0,0,0,0
425,6526.01,W 35 St & 8 Ave,40.752762088742045,-73.99280458705107,0,0,0,0,0,0,0,1,0,0,0,0
426,3914.02,7 St & 5 Ave,40.6704922,-73.98541675,0,0,0,0,0,0,0,1,0,0,0,2
427,4510.04,Greene Ave & Throop Ave,40.735759433333335,-74.05280078333334,0,0,0,0,0,0,0,2,0,0,0,0
428,5788.13,Lafayette St & E 8 St,40.73020660529954,-73.99102628231049,0,0,0,0,0,0,0,1,0,0,0,0
429,6115.09,W 15 St & 10 Ave,40.74275382865903,-74.00747358798981,0,0,0,0,0,0,0,1,0,0,1,0
430,4483.10,Broadway & Madison St,40.735759433333335,-74.05280078333334,0,0,0,0,0,0,0,2,0,0,0,0
431,4713.01,Central Ave & Himrod St,40.69676,-73.92302,0,0,0,0,0,0,0,1,0,0,0,0
432,5569.07,West Broadway & Watts St,40.72323,-74.00314,0,0,0,0,0,0,0,2,0,0,1,0
433,6498.09,E 47 St & 1 Ave,40.7632512,-74.05501823333333,0,0,0,0,0,0,0,1,1,0,0,0
434,6064.08,W 18 St & 6 Ave,40.781792716666665,-74.0140628,0,0,0,0,0,0,0,1,0,0,0,0
435,6569.07,W 36 St & 9 Ave,40.75462324029105,-73.99516761302948,0,0,0,0,0,0,0,1,0,1,0,0
436,5178.06,Graham Ave & Grand St,40.77737846666667,-74.06476461666666,0,0,0,0,0,0,0,2,0,0,0,0
437,5018.06,Knickerbocker Ave & Thames St,40.70539,-73.92976,0,0,0,0,0,0,0,1,0,0,0,0
438,5326.06,Stanton St & Mangin St,40.71782143,-73.97628939,0,0,0,0,0,0,0,1,0,0,0,0
439,5134.09,Broadway & Kent Ave,40.735759433333335,-74.05280078333334,0,0,0,0,0,0,0,2,0,0,0,0
440,8353.02,Amsterdam Ave & W 180 St,40.847396,-73.931205,0,0,0,0,0,0,0,1,0,0,0,0
441,6981.16,37 St & 24 Ave,40.7701477,-73.9120938,0,0,0,0,0,0,0,1,0,0,0,0
442,7502.01,W 92 St & Broadway,40.7921,-73.9739,0,0,0,0,0,0,0,2,0,1,0,0
443,7484.05,W 87 St & West End Ave,40.789622,-73.97757,0,0,0,0,0,0,0,1,0,0,0,0
444,7059.08,West End Ave & W 60 St,40.77237,-73.99005,0,0,0,0,0,0,0,2,2,1,0,1
445,4614.04,Atlantic Ave & Furman St,40.69165183,-73.9999786,0,0,0,0,0,0,0,1,1,0,0,0
446,5746.02,E 10 St & 2 Ave,40.72970805644994,-73.9865979552269,0,0,0,0,0,0,0,1,1,0,0,0
447,7453.01,Central Park W & W 91 St,40.78866499127884,-73.96680057048798,0,0,0,0,0,0,0,1,0,2,0,0
448,4263.12,Fulton St & Irving Pl,40.68186,-73.959432,0,0,0,0,0,0,0,1,0,1,0,0
449,7631.23,Frederick Douglass Blvd & W 112 St,40.801694,-73.957145,0,0,0,0,0,0,0,1,0,0,0,0
450,6398.06,W 37 St & 5 Ave,40.75038009,-73.98338988,0,0,0,0,0,0,0,1,0,0,0,1
451,5489.03,Kent Ave & N 7 St,40.72036775298455,-73.96165072917938,0,0,0,0,0,0,0,1,0,0,0,0
452,6575.03,E 51 St & 2 Ave,40.755293,-73.967641,0,0,0,0,0,0,0,1,0,1,1,0
453,5626.15,1 Ave & E 6 St,40.72633085971696,-73.98616880178452,0,0,0,0,0,0,0,1,0,0,0,0
454,6498.10,E 47 St & 2 Ave,40.75323098,-73.97032517,0,0,0,0,0,0,0,1,0,0,0,3
455,6511.03,50 St & Northern Blvd,40.76257705,-74.05248243333334,0,0,0,0,0,0,0,1,0,0,0,0
456,6718.02,77 St & 31 Ave,40.75886,-73.89081,0,0,0,0,0,0,0,3,0,0,0,0
457,5270.05,Pike St & E Broadway,40.71406667,-73.99293911,0,0,0,0,0,0,0,1,0,0,0,0
458,8123.02,Broadway & W 155 St,40.83299,-73.94592,0,0,0,0,0,0,0,1,0,0,0,0
459,7020.02,E 77 St & 1 Ave,40.77095553869235,-73.95356208096926,0,0,0,0,0,0,0,0,1,0,0,0
460,3710.07,Lefferts Ave & Schenectady Ave,40.73626731666667,-74.02900373333334,0,0,0,0,0,0,0,0,2,0,0,0
461,4190.06,Grand Ave & Bergen St,40.678045,-73.962408,0,0,0,0,0,0,0,0,1,0,0,0
462,8795.01,Jerome Ave & E Mosholu Parkway S,40.7350155,-74.02758883333334,0,0,0,0,0,0,0,0,1,0,0,0
463,7204.08,E 89 St & York Ave,40.7779453,-73.946041,0,0,0,0,0,0,0,0,2,0,0,0
464,5971.09,E 22 St & 2 Ave,40.73716919369882,-73.98122549057007,0,0,0,0,0,0,0,0,2,0,1,0
465,5279.03,Centre St & Worth St,40.73626731666667,-74.02900373333334,0,0,0,0,0,0,0,0,2,0,0,0
466,4756.04,Brooklyn Bridge Park - Pier 2,40.698458,-73.997178,0,0,0,0,0,0,0,0,4,0,0,0
467,5805.07,7 Ave S & Bleecker St,40.73213896287381,-74.00363802909851,0,0,0,0,0,0,0,0,1,0,0,0
468,5137.13,Spruce St & Gold St,40.7103231,-74.0043228,0,0,0,0,0,0,0,0,1,0,0,0
469,5575.08,Avenue D & E 12 St,40.72580614,-73.97422494,0,0,0,0,0,0,0,0,1,0,0,0
470,7286.01,E 91 St & 2 Ave,40.78115276427916,-73.94963040947914,0,0,0,0,0,0,0,0,2,0,0,0
471,6890.01,W 53 St & 10 Ave,40.76669671,-73.99061728,0,0,0,0,0,0,0,0,1,0,0,0
472,5137.11,Fulton St & William St,40.70960089363537,-74.00655090808868,0,0,0,0,0,0,0,0,1,0,0,1
473,5235.05,S 3 St & Bedford Ave,40.71260486,-73.96264403,0,0,0,0,0,0,0,0,2,0,0,0
474,7741.01,Morningside Ave & W 123 St,40.8066187,-74.00907335,0,0,0,0,0,0,0,0,1,0,0,0
475,7713.11,W 116 St & Broadway,40.8082,-73.9641,0,0,0,0,0,0,0,0,1,1,0,0
476,6608.09,E 54 St & 1 Ave,40.756265,-73.964179,0,0,0,0,0,0,0,0,1,0,0,0
477,6432.10,E 41 St & Madison Ave (SE corner),40.752049,-73.979635,0,0,0,0,0,0,0,0,1,5,4,3
478,6079.03,1 Ave & E 30 St,40.74144387,-73.97536082,0,0,0,0,0,0,0,0,1,0,0,0
479,3803.05,6 Ave & 12 St,40.6663181,-73.9854617,0,0,0,0,0,0,0,0,1,0,0,0
480,4637.06,Fulton St & Adams St,40.69241829257847,-73.98949474096298,0,0,0,0,0,0,0,0,2,0,1,2
481,5453.01,Rivington St & Chrystie St,40.72110063,-73.9919254,0,0,0,0,0,0,0,0,1,0,0,0
482,6953.08,E 74 St & 1 Ave,40.7689738,-73.95482273,0,0,0,0,0,0,0,0,2,0,0,0
483,4455.10,Congress St & Clinton St,40.68825516598005,-73.99545192718506,0,0,0,0,0,0,0,0,1,0,0,0
484,5721.07,Thompson St & Bleecker St,40.72840059450829,-73.99968780577183,0,0,0,0,0,0,0,0,1,0,0,0
485,5382.06,Grand St & Elizabeth St,40.718822,-73.99596,0,0,0,0,0,0,0,0,1,0,0,0
486,4089.01,Bergen St & Kingston Ave,40.73626731666667,-74.02900373333334,0,0,0,0,0,0,0,0,2,0,0,0
487,6814.01,Motorgate,40.7639089,-73.9477213,0,0,0,0,0,0,0,0,1,0,0,0
488,HB610,Adams St & 12 St,40.751889392240685,-74.03329162748534,0,0,0,0,0,0,0,0,433,813,741,678
489,6626.01,E 48 St & 5 Ave,40.773169933333335,-74.03184376666667,0,0,0,0,0,0,0,0,1,1,0,0
490,4039.04,St Marks Ave & Rochester Ave,40.67404,-73.92772,0,0,0,0,0,0,0,0,1,0,0,0
491,7207.08,W 70 St & Amsterdam Ave,40.78903018333333,-73.99793313333333,0,0,0,0,0,0,0,0,1,0,0,0
492,HB611,4 St & River St,40.7408139,-74.0274062,0,0,0,0,0,0,0,0,1498,2896,1967,1501
493,3847.04,Carroll St & Franklin Ave,40.6679411,-73.9588,0,0,0,0,0,0,0,0,1,0,0,0
494,6164.09,Lexington Ave & E 29 St,40.70548705,-74.04849713333333,0,0,0,0,0,0,0,0,1,0,0,0
495,7243.04,E 84 St & Park Ave,40.77862688,-73.95772073,0,0,0,0,0,0,0,0,1,0,0,0
496,4128.08,Pioneer St & Richards St,40.6777748,-74.0094613,0,0,0,0,0,0,0,0,2,0,0,0
497,4362.04,Pacific St & Nevins St,40.6853761,-73.98302136,0,0,0,0,0,0,0,0,1,0,0,0
498,7652.04,Lexington Ave & E 120 St,40.8013066,-73.9398167,0,0,0,0,0,0,0,0,0,1,0,0
499,4565.07,Schermerhorn St & Court St,40.6910363748993,-73.99201065301895,0,0,0,0,0,0,0,0,0,1,0,1
500,7704.04,Adam Clayton Powell Blvd & W 123 St,40.8078316,-73.949373,0,0,0,0,0,0,0,0,0,2,0,0
501,3736.03,Bedford Ave & Montgomery St,40.665816,-73.956934,0,0,0,0,0,0,0,0,0,1,0,0
502,7260.09,Amsterdam Ave & W 73 St,40.74491796666667,-74.02528685,0,0,0,0,0,0,0,0,0,1,0,1
503,6441.01,Broadway & W 36 St,40.75607193333333,-74.02587686666666,0,0,0,0,0,0,0,0,0,2,1,0
504,7657.03,St Ann's Ave & Bruckner Blvd,40.803399,-73.919763,0,0,0,0,0,0,0,0,0,2,0,0
505,4497.09,Congress St & Hicks St,40.6893952,-73.9995126,0,0,0,0,0,0,0,0,0,1,0,0
506,6131.13,E 27 St & Park Ave S,40.74275179648995,-73.9847157150507,0,0,0,0,0,0,0,0,0,1,0,2
507,8040.03,E 167 St & Bryant Ave,40.736136783333336,-74.02936768333333,0,0,0,0,0,0,0,0,0,2,0,0
508,8084.03,Fulton Ave & E 168 St,40.830471,-73.904556,0,0,0,0,0,0,0,0,0,2,0,0
509,5805.05,Barrow St & Hudson St,40.73172428,-74.00674436,0,0,0,0,0,0,0,0,0,2,0,1
510,8060.01,Freeman St & Southern Blvd,40.736136783333336,-74.02936768333333,0,0,0,0,0,0,0,0,0,2,0,0
511,8008.03,Prospect Ave & E 167 St,40.826303,-73.898751,0,0,0,0,0,0,0,0,0,2,0,0
512,8133.08,Boston Rd & Prospect Ave,40.833246,-73.896599,0,0,0,0,0,0,0,0,0,1,0,0
513,6190.03,W 18 St & 9 Ave,40.7435337324616,-74.00367558002472,0,0,0,0,0,0,0,0,0,1,0,0
514,7360.10,Amsterdam Ave & W 82 St,40.779177266666665,-74.00336778333333,0,0,0,0,0,0,0,0,0,1,1,0
515,6442.08,81 St & 35 Ave,40.736136783333336,-74.02936768333333,0,0,0,0,0,0,0,0,0,1,0,0
516,5140.06,Bushwick Ave & Stagg St,40.709897,-73.94008,0,0,0,0,0,0,0,0,0,1,0,0
517,5170.01,Stagg St & Morgan Ave,40.710681,-73.93372,0,0,0,0,0,0,0,0,0,1,0,0
518,7541.01,W 95 St & Broadway,40.7937704,-73.971888,0,0,0,0,0,0,0,0,0,1,0,0
519,8108.02,Riverside Dr & W 153 St,40.832164,-73.949702,0,0,0,0,0,0,0,0,0,1,0,0
520,4184.07,Carroll St & Bond St,40.6786115,-73.99037292,0,0,0,0,0,0,0,0,0,1,0,0
521,4965.01,Lorimer St & Broadway,40.70411791,-73.94818595,0,0,0,0,0,0,0,0,0,1,0,0
522,6644.07,W 42 St & Dyer Ave,40.75898481399634,-73.99379968643188,0,0,0,0,0,0,0,0,0,0,1,0
523,6893.10,31 Ave & Crescent St,40.7310357,-74.06464921666667,0,0,0,0,0,0,0,0,0,0,5,0
524,6441.02,Broadway & W 37 St,40.75172632,-73.98753523,0,0,0,0,0,0,0,0,0,0,1,0
525,6200.03,53 St & Roosevelt Ave,40.7310357,-74.06464921666667,0,0,0,0,0,0,0,0,0,0,1,0
526,6316.05,39 Dr & 52 St,40.74732,-73.91197,0,0,0,0,0,0,0,0,0,0,4,0
527,6688.01,Crescent St & 35 Ave,40.7310357,-74.06464921666667,0,0,0,0,0,0,0,0,0,0,2,0
528,6827.11,Crescent St & Broadway,40.7633589,-73.9286471,0,0,0,0,0,0,0,0,0,0,5,0
529,5964.01,Bank St & Washington St,40.7361967,-74.00859207,0,0,0,0,0,0,0,0,0,0,1,0
530,8157.06,Broadway & W 160 St,40.835775,-73.9434,0,0,0,0,0,0,0,0,0,0,1,0
531,4422.05,Columbia St & Kane St,40.68763155,-74.0016256,0,0,0,0,0,0,0,0,0,0,1,0
532,4895.15,Pearl St & York St,40.70140463410644,-73.98768022656441,0,0,0,0,0,0,0,0,0,0,1,0
533,5947.04,W 13 St & 5 Ave,40.74430158333333,-74.05925506666667,0,0,0,0,0,0,0,0,0,0,2,0
534,6929.01,23 St & 31 Ave,40.7310357,-74.06464921666667,0,0,0,0,0,0,0,0,0,0,4,0
535,7680.03,Cathedral Pkwy & Broadway,40.804213,-73.96699104,0,0,0,0,0,0,0,0,0,0,2,0
536,5779.11,Ave A & E 14 St,40.73031071000895,-73.98047178983688,0,0,0,0,0,0,0,0,0,0,1,0
537,6209.08,46 St & Queens Blvd,40.74349759836971,-73.91860529780388,0,0,0,0,0,0,0,0,0,0,2,0
538,5099.03,White St & Johnson Ave,40.707174,-73.93581,0,0,0,0,0,0,0,0,0,0,1,0
539,5414.06,Allen St & Rivington St,40.72019576,-73.98997825,0,0,0,0,0,0,0,0,0,0,1,0
540,4517.03,Jefferson Ave & Evergreen Ave,40.68989,-73.91458,0,0,0,0,0,0,0,0,0,0,1,0
541,7121.13,E 81 St & 1 Ave,40.77377781072322,-73.95197331905365,0,0,0,0,0,0,0,0,0,0,1,0
542,5922.08,Bank St & Hudson St,40.73652889,-74.00618026,0,0,0,0,0,0,0,0,0,0,1,0
543,7304.08,W 82 St & Central Park West,40.71460973333333,-74.06747018333333,0,0,0,0,0,0,0,0,0,0,1,0
544,3814.01,Buffalo Ave & E New York Ave,40.72612856666667,-74.03436933333333,0,0,0,0,0,0,0,0,0,0,0,2
545,4025.02,Prospect Pl & Nostrand Ave,40.67428,-73.9503,0,0,0,0,0,0,0,0,0,0,0,2
546,4010.15,Grand Army Plaza & Plaza St West,40.6729679,-73.97087984,0,0,0,0,0,0,0,0,0,0,0,2
547,3263.01,E 18 St & Church Ave,40.64958,-73.96316,0,0,0,0,0,0,0,0,0,0,0,2
548,5863.07,E 15 St & 3 Ave,40.734232,-73.986923,0,0,0,0,0,0,0,0,0,0,0,3
549,6122.09,2 Ave & E 29 St,40.72612856666667,-74.03436933333333,0,0,0,0,0,0,0,0,0,0,0,2
550,5788.15,4 Ave & E 12 St,40.732647,-73.99011,0,0,0,0,0,0,0,0,0,0,0,2
551,7595.17,Columbus Ave & W 103 St,40.7969347,-73.9643412291,0,0,0,0,0,0,0,0,0,0,0,2
552,5164.05,Broadway & Berry St,40.72612856666667,-74.03436933333333,0,0,0,0,0,0,0,0,0,0,0,2
553,3132.09,Beverley Rd & Nostrand Ave,40.73528396666666,-74.02741491666667,0,0,0,0,0,0,0,0,0,0,0,2
554,3187.01,Beverley Rd & E 49 St,40.64621,-73.93067,0,0,0,0,0,0,0,0,0,0,0,1
555,6854.05,W 50 St & 9 Ave,40.76360467795863,-73.98917958140373,0,0,0,0,0,0,0,0,0,0,0,1
556,6373.07,W 30 St & 8 Ave,40.74965268472847,-73.9952078461647,0,0,0,0,0,0,0,0,0,0,0,2
557,6089.11,E 26 St & 3 Ave,40.74069317733043,-73.98160636425018,0,0,0,0,0,0,0,0,0,0,0,1
558,4028.04,4 Ave & 3 St,40.673746,-73.985649,0,0,0,0,0,0,0,0,0,0,0,1
559,6248.08,5 Ave & E 30 St,40.7459849,-73.98629487,0,0,0,0,0,0,0,0,0,0,0,1
560,5703.13,Ave A & E 11 St,40.72854745023944,-73.98175925016403,0,0,0,0,0,0,0,0,0,0,0,2
561,5779.09,E 13 St & Ave A,40.72966729392978,-73.98067966103554,0,0,0,0,0,0,0,0,0,0,0,1
562,6955.05,W 54 St & 11 Ave,40.768333,-73.992573,0,0,0,0,0,0,0,0,0,0,0,1
563,6779.04,Broadway & W 51 St,40.76228826,-73.98336183,0,0,0,0,0,0,0,0,0,0,0,1
564,6617.02,E 53 St & 3 Ave,40.75763227739443,-73.96930575370789,0,0,0,0,0,0,0,0,0,0,0,1
565,5247.10,Reade St & Broadway,40.72612856666667,-74.03436933333333,0,0,0,0,0,0,0,0,0,0,0,2
566,7014.12,Broadway & W 61 St,40.77003010255044,-73.9819684624672,0,0,0,0,0,0,0,0,0,0,0,1
567,5938.11,E 16 St & Irving Pl,40.735367055605394,-73.98797392845154,0,0,0,0,0,0,0,0,0,0,0,2
568,4098.06,New York Ave & St Marks Ave,40.72612856666667,-74.03436933333333,0,0,0,0,0,0,0,0,0,0,0,1
569,4143.04,3 Ave & Carroll St,40.677027,-73.9865,0,0,0,0,0,0,0,0,0,0,0,2
570,5445.02,Suffolk St & Stanton St,40.72612856666667,-74.03436933333333,0,0,0,0,0,0,0,0,0,0,0,2
571,6474.11,E 40 St & 5 Ave,40.752062307,-73.9816324043,0,0,0,0,0,0,0,0,0,0,0,1
